hashtag,biolegend_name,seq
HT01,TotalSeq-C0251,GTCAACTCTTTAGCG
HT02,TotalSeq-C0252,TGATGGCCTATTGGG
HT03,TotalSeq-C0253,TTCCGCCTCTCTTTG
HT04,TotalSeq-C0254,AGTAAGTTCAGCGTA
HT05,TotalSeq-C0255,AAGTATCGTTTCGCA
HT06,TotalSeq-C0256,GGTTGCCAGATGTCA
HT07,TotalSeq-C0257,TGTCTTTCCTGCCAG
HT08,TotalSeq-C0258,CTCCTCTGCAATTAC
HT09,TotalSeq-C0259,CAGTAGTCACGGTCA
HT10,TotalSeq-C0260,ATTGACCCGCGTTAG
HT12,TotalSeq-C0262,TAACGACCAGCCATA
HT13,TotalSeq-C0263,AAATCTCTCAGGCTC
HT14,TotalSeq-C0264,CTGTATGTCCGATTG
HT15,TotalSeq-C0265,TAAGATTCAGAGCGA
